{"cameraMode":{"drawMode":0,"name":"Shaded","section":"Shading Mode"},"sceneLighting":false,"audioPlay":false,"sceneViewState":{"m_AlwaysRefresh":false,"showFog":true,"showSkybox":false,"showFlares":true,"showImageEffects":true,"showParticleSystems":true,"showVisualEffectGraphs":true,"m_FxEnabled":false},"in2DMode":false,"pivot":{"x":1726.9842529296875,"y":1032.2362060546875,"z":9.044639587402344},"rotation":{"x":-0.04826050251722336,"y":-0.03535427525639534,"z":0.0017094006761908532,"w":-0.9982091784477234},"size":102.63384246826172,"orthographic":false}