{"cameraMode":{"drawMode":0,"name":"Shaded","section":"Shading Mode"},"sceneLighting":true,"audioPlay":false,"sceneViewState":{"m_AlwaysRefresh":false,"showFog":true,"showSkybox":true,"showFlares":true,"showImageEffects":true,"showParticleSystems":true,"showVisualEffectGraphs":true,"m_FxEnabled":false},"in2DMode":false,"pivot":{"x":0.12000656127929688,"y":0.06226921081542969,"z":1.6461715698242188},"rotation":{"x":-0.20144186913967133,"y":0.6487813591957092,"z":-0.18397027254104615,"w":-0.7103957533836365},"size":7.168210983276367,"orthographic":false}